순번,파일명,MD5 해시값
1,mobile_forensic_data.xlsx,c0d672782bb519ee24125f011e20c1ab
2,20240101_1105_고길동.txt,cb06a51d3c82c7c53a4c02a4fadd3741
3,20240102_1105_김사장.txt,ba3d09cf83c51c59dd11399d67e6c0f1
4,20240103_1100_백사장.txt,2d1b1dc3527296aa92c1ee1f89a5ddcd
5,20240103_1105_강사장.txt,6c1c0ad7b20b6d4095df33e2ef37cb64
6,20240103_2105_백사장.txt,8aeace7a23e9b43f1daeab8f6c802eed
7,20240104_2105_이소연.txt,8e80ec2b38d23b80389e7b05e8de280e
8,20240107_1105_채치수.txt,52ccf9ca3b32419e095528d378d4c238
9,20240108_1105_채치수.txt,b9a04706ab6a7ae44cf8976a4a029bfa
10,20240109_1105_서태웅.txt,70eea0660a73439bf617f1375dfb5321
11,20240110_1105_홍사장.txt,15a1b7e08dabf856b38ba13e4c700259
12,IMG001.txt,992ab6871cb1de42f1648bee813ce2bb
13,IMG002.txt,bc1d87decbd2920601026f475131cf5d
14,IMG003.txt,15a7488075dd28ac2848dd87298e12aa
15,IMG005.txt,c21311c8da5fb5d225f2b556a18bd2f4
16,IMG006.txt,996c34bf7976e7667858d26520c2e2b9
17,thumbnail_bned3nuj.txt,58905a3f90e663b72deeac1c06d8cc77
